Country Name,Country Code,Series Name,Series Code,1990 [YR1990],1991 [YR1991],1992 [YR1992],1993 [YR1993],1994 [YR1994],1995 [YR1995],1996 [YR1996],1997 [YR1997],1998 [YR1998],1999 [YR1999],2000 [YR2000],2001 [YR2001],2002 [YR2002],2003 [YR2003],2004 [YR2004],2005 [YR2005],2006 [YR2006],2007 [YR2007],2008 [YR2008],2009 [YR2009],2010 [YR2010],2011 [YR2011],2012 [YR2012],2013 [YR2013],2014 [YR2014],2015 [YR2015],2016 [YR2016],2017 [YR2017],2018 [YR2018],2019 [YR2019],2020 [YR2020]
United States,USA,Access to clean fuels and technologies for cooking (% of population),EG.CFT.ACCS.ZS,..,..,..,..,..,..,..,..,..,..,100,100,100,100,100,100,100,100,100,100,100,100,100,100,100,100,100,..,..,..,..
United States,USA,Access to electricity (% of population),EG.ELC.ACCS.ZS,100,100,100,100,100,100,100,100,100,100,100,100,100,100,100,100,100,100,100,100,100,100,100,100,100,100,100,100,100,..,..
United States,USA,Adjusted net national income (annual % growth),NY.ADJ.NNTY.KD.ZG,1.31822843254268,0.344287102624108,3.50392700866618,2.31611728638195,4.49589147731378,3.35109061822865,4.35693351911337,5.47815236703106,5.88984733110787,4.11854600701702,3.9709784501474,1.43983260147307,1.55802147568266,2.14004473079683,3.66857894375264,3.04427181184779,3.60161036593558,0.241619330100008,-2.93894266830659,-1.25907854542132,4.35194380051706,2.24997358896211,3.84781490577812,1.33681646198104,3.51811401951312,3.51626446124791,0.890707406998374,2.13699348368934,2.36777166776558,..,..
United States,USA,Adjusted savings: carbon dioxide damage (% of GNI),NY.ADJ.DCO2.GN.ZS,0.719073406950042,0.740877355957981,0.753016832303031,0.777225237819499,0.777892743732007,0.780214482838623,0.788298649427316,0.79087592103801,0.779177752272513,0.782332347599074,0.795112092594746,0.794989514504022,0.81499423036222,0.824737141170864,0.828395717205044,0.827467789916948,0.808604656072,0.840908789950089,0.848058936367718,0.841577829326851,0.855658313302257,0.839653581364853,0.80722881368102,0.835427008737196,0.842844125624801,0.83110293648313,0.829914958609368,0.831014447399951,0.834013250719056,..,..
United States,USA,Adjusted savings: carbon dioxide damage (current US$),NY.ADJ.DCO2.CD,42441797791.0716,45169440199.3682,48460164807.6436,52336544352.2133,55776862236.3717,59098836212.2737,63425776215.1779,67930452405.423,71181503054.8646,75802950615.3848,82563318586.9879,85411360018.8249,90092110955.4885,95094402672.5389,102008549209.143,108975042078.048,113794658323.43,122295181685.428,124534079531.033,121176334237.512,129433174115.285,132935693084.597,134570298300.203,143492090885.152,152196485271.845,155452127836.113,158058664927.686,164792466829.43,173786235078.31,..,..
United States,USA,Adjusted savings: energy depletion (current US$),NY.ADJ.DNGY.CD,46750972421.7222,34575915928.7044,38533023960.0585,38820638420.0633,32425359540.3244,29636728580.8235,44119030420.2641,33825676975.0808,19731745901.9119,31178603791.4646,63980603806.6413,53979404184.7019,35349320681.9358,54251124815.7828,80227662866.7507,93573905683.9826,78908697141.1914,75169205947.1122,129484851688.177,41061315308.0614,41735174255.6545,59573813242.9421,39928279930.5171,48903751045.7856,44918940650.2523,4037186616.52153,15819510213.8432,28919312481.3249,67682160847.7653,..,..
United States,USA,Adjusted savings: net forest depletion (current US$),NY.ADJ.DFOR.CD,775762239.215711,410384980.798647,302315281.110931,122726990.123849,106012776.216768,0,0,0,0,0,0,0,0,0,0,0,0,0,0,0,0,0,0,0,0,0,0,0,0,..,..
United States,USA,Alternative and nuclear energy (% of total energy use),EG.USE.COMM.CL.ZS,9.45111635256245,9.98758399326045,9.75480402730826,9.57785293414193,9.75187746552207,10.2440671762868,10.1748033387095,9.42468384685521,9.79913364449837,10.354743625153,10.2970525907123,10.2108646825098,10.5133378836776,10.3429244994095,10.4077374705913,10.3545530514855,10.6284102374098,10.5968903324343,10.9475046355289,11.5601149223974,11.3372473990171,11.5679100503225,11.4475715077974,11.6849567099973,11.680856159034,11.8743317712829,..,..,..,..,..
United States,USA,CO2 emissions (kg per 2010 US$ of GDP),EN.ATM.CO2E.KD.GD,0.535860382940205,0.536156871634204,0.527441424955003,0.525767414114679,0.512006554779142,0.50239682960545,0.49537501935224,0.48481229471426,0.466809045721686,0.454180018123143,0.451154025931285,0.439014549441087,0.435008856376945,0.425486854724049,0.415719422652335,0.403957959206647,0.386474445499412,0.385465928479402,0.374330067813903,0.360087410845549,0.359892819432451,0.346154449370961,0.326459016205428,0.326127579659563,0.321711815755957,0.30680864962596,0.294968151044887,..,..,..,..
United States,USA,CO2 emissions (metric tons per capita),EN.ATM.CO2E.PC,19.3227511807806,19.0561631861681,19.1394372782772,19.3470829142925,19.3608920479162,19.2765452647233,19.4960247370023,19.6903631815798,19.5792362010339,19.727169506164,20.1787505069199,19.6365050677187,19.6134040768814,19.5641045293305,19.6583711815214,19.5918852294317,19.0940665201349,19.217897835532,18.4617638680802,17.1577377931966,17.4431109038447,16.9152017650556,16.1934293295892,16.3622241347427,16.4165759129484,15.989866258056,15.502203980958,..,..,..,..
United States,USA,"CO2 emissions from electricity and heat production, total (% of total fuel combustion)",EN.CO2.ETOT.ZS,44.9705879290779,45.7444151810541,47.0699385995741,47.1590668144836,46.9902974467594,47.7657011972767,47.8763925059945,48.9330200461777,49.3119088159144,48.6297339639156,48.1109906001446,48.4605201654196,48.2428172728669,48.2556802481571,48.2017651816168,48.9420879754905,48.605413395315,49.0548483430827,49.3363112841597,48.6100233013729,48.7971872340823,48.2274307821028,46.952347826087,46.6308196669913,45.9904061079438,..,..,..,..,..,..
United States,USA,CO2 emissions (kt),EN.ATM.CO2E.KT,4823403.118,4820847.219,4909533.614,5028674.444,5094354.081,5132919.92,5252112.088,5368715.354,5401010.623,5504669.379,5693684.894,5595794.329,5641309.133,5675701.926,5756075.232,5789727.291,5697285.888,5789030.561,5614110.994,5263505.457,5395532.125,5270047.385,5081999.958,5170359.99,5225412.661,5126913.374,5006302.077,..,..,..,..
United States,USA,CO2 emissions (kg per PPP $ of GDP),EN.ATM.CO2E.PP.GD,0.80886913312843,0.782842843824805,0.752958189673616,0.733196935974452,0.699079058370005,0.671870230291597,0.650567659946177,0.625902799819972,0.595952660337435,0.571577335014634,0.555354373688709,0.528812018083088,0.51582781394397,0.495337853377116,0.471279096066564,0.444111917587536,0.412410144394381,0.400573428041382,0.381578909009527,0.36428333136384,0.359892819432451,0.339071570528509,0.313761662787278,0.308037321722281,0.298224417917493,0.281400166519175,0.267613818501784,..,..,..,..
United States,USA,CO2 emissions (kg per 2017 PPP $ of GDP),EN.ATM.CO2E.PP.GD.KD,0.477097961848367,0.477361937607952,0.469602226348034,0.468111787447423,0.455859943214707,0.447304019992439,0.441052221078119,0.431647804262129,0.415618790596523,0.404374661492722,0.401680499443676,0.390872237299719,0.387305808323936,0.378827988865839,0.370131652875598,0.359659950885795,0.34409367836178,0.343195755264543,0.333281052487328,0.320600244524584,0.320426991995497,0.308195170864232,0.290659537852069,0.290364446620195,0.286432915151393,0.27316402942654,0.262621959290095,..,..,..,..
United States,USA,CO2 emissions from gaseous fuel consumption (% of total),EN.ATM.CO2E.GF.ZS,20.8147768585491,21.7875841379158,21.8145979884109,21.9003859021739,22.0590638210882,22.6423101103046,21.942323482263,21.626884653792,21.1498103361535,21.8140649387764,22.0445654680095,21.0782267476722,21.7272632132496,20.9664435080483,20.3039314618882,20.0872394423111,20.2102256343714,21.5010233213381,22.1007823736661,23.3299265486066,23.632044856002,24.7448605056518,26.8621822763108,26.9266012752044,27.5652411291924,28.9483321198007,29.9333958868499,..,..,..,..
United States,USA,CO2 emissions from gaseous fuel consumption (kt),EN.ATM.CO2E.GF.KT,1003980.596,1050346.144,1070995.021,1101299.109,1123766.818,1162211.646,1152435.424,1161085.877,1142303.503,1200792.153,1255148.094,1179494.217,1225702.084,1189992.838,1168709.57,1162996.384,1151434.333,1244700.811,1240762.453,1227971.957,1275074.572,1304065.874,1365136.092,1392202.219,1440397.6,1484155.911,1498556.22,..,..,..,..
United States,USA,CO2 emissions from liquid fuel consumption (kt),EN.ATM.CO2E.LF.KT,1993879.912,1961294.95,2006245.036,2047187.091,2076284.736,2076156.391,2134454.357,2188656.284,2236224.608,2267434.445,2318017.043,2327815.267,2304383.137,2376461.689,2428170.056,2446413.381,2394921.367,2377235.426,2242168.815,2152257.642,2166283.917,2091649.466,2041968.95,2073013.772,2077395.837,2132547.517,2127054.351,..,..,..,..
United States,USA,CO2 emissions from liquid fuel consumption (% of total),EN.ATM.CO2E.LF.ZS,41.3376170977547,40.6836155742525,40.8642692715048,40.7102729317189,40.7565847011646,40.4478624907127,40.6399239246396,40.7668527698964,41.403817990602,41.1911104715959,40.7120711130805,41.5993714232166,40.8483754864635,41.8707980084999,42.1844739363546,42.2543801813065,42.0361802809359,41.064482229808,39.9380920219833,40.8901949391481,40.1495879704358,39.6893863222826,40.1804204422624,40.0941864011291,39.755632172454,41.5951540709609,42.4875350764816,..,..,..,..
United States,USA,CO2 emissions from manufacturing industries and construction (% of total fuel combustion),EN.CO2.MANF.ZS,12.5827442243022,11.8934346243035,10.6985590539786,10.7484344930504,10.644142834961,9.59299689740952,9.28910967574162,9.3874964328996,9.46633228562248,9.17997337432609,10.0483107198049,9.63240882475728,8.86476331548001,8.65233939761291,8.99451457505538,8.36947391126692,8.84951960668802,8.54611263731432,8.61253134287197,7.95899114625957,8.71994838275311,8.90160964713649,8.77833540372671,8.63502489628995,8.65556072879578,..,..,..,..,..,..
United States,USA,"CO2 emissions from other sectors, excluding residential buildings and commercial and public services (% of total fuel combustion)",EN.CO2.OTHX.ZS,1.38096180074754,1.34392411571514,0.978892311508962,0.908307031201093,0.910734121375475,0.902589697191899,0.897360883249391,0.878155262445937,0.804065758322285,0.758684603446629,0.785625168360909,0.848685313836943,0.908984166839781,0.803479904088709,0.984739266500229,0.963475949051869,1.07218217456968,0.981030134403591,0.971765107173572,0.977563883457979,0.95996858080624,0.894824105559692,0.931776397515528,0.971748932526254,0.943933882126111,..,..,..,..,..,..
United States,USA,CO2 emissions from residential buildings and commercial and public services (% of total fuel combustion),EN.CO2.BLDG.ZS,11.3546210788244,11.6474822408529,11.6784850426909,11.8213191655207,11.4599217266325,11.4301089257625,11.7823311879276,11.1160113702483,10.1276459008159,10.4292470524202,10.6143578183262,10.3745847561345,10.525574211729,10.7953684473246,10.3748373712156,10.0268840303949,9.23601218210316,9.65254156803016,10.0890482290143,10.7657030354286,10.1902918431659,10.2301250412582,9.71209937888199,10.6794404262449,11.0119179863259,..,..,..,..,..,..
United States,USA,CO2 emissions from solid fuel consumption (% of total),EN.ATM.CO2E.SF.ZS,36.9413100959894,36.6306192413687,36.417217266862,36.4013236765422,36.1659551280805,35.8508601474539,36.3710880117073,36.5662109937967,36.5538279371757,36.0915759187869,36.3729984633041,36.422983944162,36.5227746507896,36.2407270293285,36.5634492283856,36.6783142152662,36.7582051202834,36.4665990575689,37.0226429833924,34.9960393514987,35.4314841559766,34.7018936718726,31.9962709452663,31.9610346319425,31.5826223891794,28.3373697002121,26.4351600571625,..,..,..,..
United States,USA,CO2 emissions from solid fuel consumption (kt),EN.ATM.CO2E.SF.KT,1781828.303,1765906.189,1787915.523,1830504.061,1842421.811,1840195.942,1910250.31,1963135.784,1974276.13,1986721.928,2070963.919,2038155.27,2060362.622,2056915.642,2104619.645,2123574.368,2094220.033,2111062.564,2078492.27,1842018.441,1911717.11,1828806.24,1626050.476,1652500.547,1650322.349,1452832.397,1323423.967,..,..,..,..
United States,USA,CO2 emissions from transport (% of total fuel combustion),EN.CO2.TRAN.ZS,29.7110849670481,29.3707438380744,29.5745384631287,29.362670559988,29.9947048027041,30.3086032823594,30.1549969597191,29.6851315843114,30.290047239325,31.002177126928,30.4408929153729,30.6836225321758,31.4578610330843,31.4931320028167,31.4439677907099,31.6982535025525,32.2370511598348,31.7658190669485,30.9905254716399,31.6877186334809,31.3326039591925,31.7460104239428,33.6254409937888,33.0829660779476,33.3979881032647,..,..,..,..,..,..
United States,USA,CO2 intensity (kg per kg of oil equivalent energy use),EN.ATM.CO2E.EG.ZS,2.51868127681746,2.49705085193163,2.49295774421175,2.50951312970149,2.49565793466064,2.48288940114851,2.48532138525844,2.51518927109856,2.50896910583368,2.48979074345092,2.5045415787994,2.50853222076982,2.50064283212374,2.51007356056486,2.49421747524088,2.49689492222203,2.48050511936155,2.47711867350868,2.46548636400904,2.43138214763359,2.43566025951741,2.40595541318223,2.35607642130414,2.36891777453107,2.35783963410572,2.34930892425706,..,..,..,..,..
United States,USA,Coal rents (% of GDP),NY.GDP.COAL.RT.ZS,0.193682529195046,0.174290611464026,0.135931976781799,0.0644665796516135,0.0636826327929373,0.184867905585344,0.194408231192026,0.179858071222137,0.159523254966546,0.125541089161182,0.139839754933242,0.22078507101717,0.155038102739915,0.163142125386259,0.331659714129011,0.26937822142762,0.274302632601458,0.243314297750269,0.685123823569296,0.307105583557749,0.428391528730954,0.556701771804261,0.343823846196426,0.259765950272817,0.214062210851841,0.153342814782204,0.134722194586435,0.180663940646832,0.195515168473993,..,..
United States,USA,Combustible renewables and waste (% of total energy),EG.USE.CRNW.ZS,1.43282836203181,1.52469877628826,1.78549998236661,1.41068271308562,1.37609365054138,1.58272923985208,1.51582257827148,1.4334425849122,1.56247883688606,2.18931052940633,2.17934451973153,1.91978657231308,1.71855643791155,2.00831136290739,2.11722114077011,2.3044470362687,2.54138731845837,2.5751109807492,2.83169183473353,2.93097855547605,3.2046166589823,3.29844513959161,3.56064664566155,3.67200753568729,3.69006656016616,3.62103474590516,..,..,..,..,..
,,,,,,,,,,,,,,,,,,,,,,,,,,,,,,,,,,
,,,,,,,,,,,,,,,,,,,,,,,,,,,,,,,,,,
,,,,,,,,,,,,,,,,,,,,,,,,,,,,,,,,,,
Data from database: World Development Indicators,,,,,,,,,,,,,,,,,,,,,,,,,,,,,,,,,,
Last Updated: 10/15/2020,,,,,,,,,,,,,,,,,,,,,,,,,,,,,,,,,,
